ARB,0x4f47bc496083c727c5fbe3ce9cdf2b0f6496270c
BCH,18M8bJWMzWHDBMxoLqjHHAffdRy4SrzkfB
BCH,qpf2cphc5dkuclkqur7lhj2yuqq9pk3hmukle77vhq
BCH,qpusmp64rajses77x95g9ah825mtyyv74smwwkxhx3
BCH,qq3vlashthktqpeppuv7trmw070e3mydgq63zq348v
BCH,qqyuc9s700plhzr6awzru7g5z2d2p906uyrm6ht0r0
BCH,qz9f2vz3033sg5vc5mf7m7xshmj0jugy4ummf05jk8
BCH,qzjv8hrdvz6edu4gkzpnd4w6jc7zf296g5e9kkq4lx
BSC,0x4f47bc496083c727c5fbe3ce9cdf2b0f6496270c
BSV,12sjrrhoFEsedNRhtgwvvRqjFTh8fZTDX9
BTC,123WBUDmSJv4GctdVEz6Qq6z8nXSKrJ4KX
BTC,125W5ek3DT6Zqy5S2iPt4FHQdNMCbZA3FU
BTC,1295rkVyNfFpqZpXvKGhDqwhP1jZcNNDMV
BTC,129zKFLoVad9JtxSmDKeJoLCsjhGR7b3vr
BTC,12HQDsicffSBaYdJ6BhnE22sfjTESmmzKx
BTC,12NpCkhddSNiDkD9rRYUCHsTT9ReMNiJjG
BTC,12QtD5BFwRsdNsAZY76UVE1xyCGNTojH9h
BTC,12VrYZgS1nmf9KHHped24xBb1aLLRpV2cT
BTC,12YCfVAEzkEZXBYhUTyJJaRkgMXiFxJgcu
BTC,12YyR9EpvHxBjjKjTWqfKqeyoWnvcraxpW
BTC,12jVCWW1ZhTLA5yVnroEJswqKwsfiZKsax
BTC,12mNKr2YP4M3CEQvCvVqZsvxuCG47LHMu1
BTC,12udabs2TkX7NXCSj6KpqXfakjE52ZPLhz
BTC,12w6v1qAaBc4W8h8C2Cu5SKFaKDSv3erUW
BTC,134r8iHv69xdT6p5qVKTsHrcUEuBVZAYak
BTC,13LQJQ1oJ9K7PsqsGfjNhoVv6UeU6hgzQz
BTC,13RH4JaFhaCxDGPyYE9emjp2aDxdX18uBA
BTC,13ViCDZyJxxv5cZzpDDsE7aDQ3Y552zpAH
BTC,13YBQr2Cp1YY3xqq2qngaPb7ca1o4ugeq6
BTC,13f59kUM5FU8MfTG7DCEugYarDhSD7XCoC
BTC,13hfsQm6oCaDZehfYBSMFiJVAi1jsL6sQd
BTC,13mnk8SvDGqsQTHbiGiHBXqtaQCUKfcsnP
BTC,148LKmyZT3FGE4x1GjsFN6RsAwcjzk5iuE
BTC,149w62rY42aZBox8fGcmqNsXUzSStKeq8C
BTC,14gM1HuLVDELNHaFU22qpabjtiWek4HhV1
BTC,14kqryJUxM3a7aEi117KX9hoLUw592WsMR
BTC,14rjAD8ZP5xaL571cMRE98qgxxbg1S8mAN
BTC,158treVZBGMBThoaympxccPdZPtqUfYrT9
BTC,15PggTG7YhJKiE6B16vkKzA1YDTZipXEX4
BTC,15Pt4NwZaUmMUwS2bQbyyncc7mzgWShtv8
BTC,15UdZbmGPa2LatD3abtGpphgkHLFWftV4R
BTC,15YK647qtoZQDzNrvY6HJL6QwXduLHfT28
BTC,15kZobLkD6HZgEECtz4oS2Vz21XHTnNfSg
BTC,15qyVrZvvVGvB7GWiAZ82TNcZ6QWMKu3kx
BTC,15uqdxqNXQwVf5H7yZPz4TmEGeSccCwdor
BTC,15yqWQ4sqr7jzCwDtZ3U1KaCa8WMEy7Mm2
BTC,16EKTes8ahD8xvwisqjc2xSNLiG3fDHatW
BTC,16PhXY3hNNMTo8kpuJx2emh713KbWpkqci
BTC,16SPDQFFzgsoNSPiFFTfS8Dw8LLXqia4oc
BTC,16ZSAEfYpPCj3D94fsNt2okYj9Ue8mxy6T
BTC,16iWn2J1McqjToYLHSsAyS6En3QA8YQ91H
BTC,16p2UWTZwXRyK5bTHNVjdDyy1D3EQGsZf2
BTC,16tByCYzxuWiN8kF9FrK9jJy6eQYLVkQ1i
BTC,16ti2EXaae5izfkUZ1Zc59HMcsdnHpP5QJ
BTC,175BUqf8JCU1uoG1iTRKTacDa4uvJDUCw2
BTC,17UVSMegvrzfobKC82dHXpZLtLcqzW9stF
BTC,17V7THwHMiDJmDwZK4unhE5HgKFJKx7VCe
BTC,17a5bpKvEp1j1Trs4qTbcNZrby53JbaS9C
BTC,17ezuJoT3XBbdcwFZbkTnrXbup11F4uhiy
BTC,17mhyeBX617ABZ1ffThhUTJkHUcMvCkfd5
BTC,182NGZbPJXwg2WDrhrPpR7tpiGQkNPF844
BTC,18Ke1QWE9nQfXuhJijHggZuPJ5ZYxapoBK
BTC,18Qj1THHuETfYhuRDZycXJbWwDMGw73Poa
BTC,18aqbRhHupgvC9K8qEqD78phmTQQWs7B5d
BTC,18cFGAdYcvNHkuhXLBE7izQKCyUW8TzCJE
BTC,18uKfaUjgG52rVeXEi3wxnveww7zZuECtE
BTC,18yWCu6agTxYqAerMxiz9sgHrK3ViezzGa
BTC,194xmrZA53UBsZau2PnJLdmVVW9m5feeS
BTC,1986rYHckYbJpGQJy6ornuMyD2N5MTqwDt
BTC,19D8PHBjZH29uS1uPZ4m3sVyqqfF8UFG9o
BTC,19FQzHibWDhSP8pKmJS3uagFYoisXtehzw
BTC,19GrL5jnUkGmHXVcraB1Etv5rXCANeLWpq
BTC,19pPbUDvoSBZafkUCYkD2Z9AkuqqV6sWm7
BTC,1A3iYY4c3dkgNYGewzYzr7EsqfBuWXibGo
BTC,1ANpca7g93BwptUJg1zV116v49zn9gjDi3
BTC,1AXUTu9y3H8w4wYx4BjyFWgRhZKDhmcMrn
BTC,1AeSq93WDNdLoEJ92sex7T8xQZoYYm8BtS
BTC,1AjZPMsnmpdK2Rv9KQNfMurTXinscVro9V
BTC,1AoxtfiBQ22DvbhqAN9Ctb8sULMRhrdwTr
BTC,1B11Ezqg3AXjFhMdRq5UpPDpNyriYNVtkn
BTC,1B3u21itzjgKtm7QsNQNCBpSkwzzeDHqrW
BTC,1B64QRxfaa35MVkf7sDjuGUYAP5izQt7Qi
BTC,1BCWMwpR4M1nYUuuYe2bmzrNuwGoF9ZAbA
BTC,1BiUFjzH6wsT73U3tfy4aXHCQsYQHzjk5h
BTC,1BvJRBRp9ZZ6zLyuZaZsV7g3xP6JokdZQW
BTC,1C7RpJNE19HgefzWVCSaUqRTHAwGAFkbYV
BTC,1CF46Rfbp97absrs7zb7dFfZS6qBXUm9EP
BTC,1CG1aSCxUnbmv9G34ofxTQoHtuVnMLJtQV
BTC,1CNbhgxGRZvsWnEHotfXge7k2E1UPzBDC7
BTC,1CPJak9ZyddbawMGJPyEhCiJLXXb4sYv8N
BTC,1CddRqw7oSPrT4tt5oXKyx2LiHJDPszy7y
BTC,1D1ej7zQzywWBDNXKNYpmH7Hso2U9koDG4
BTC,1D3GuaS9eqKw8dWj9JFQtNufdRtysjSLxZ
BTC,1D6gG9iKEhPitTcWRJiniuj1jYM2hNeAfJ
BTC,1DDA93oZPn7wte2eR1ABwcFoxUFxkKMwCf
BTC,1DGsY4ww3BJnWXTsnmTgWa6UWdoRXgA1pX
BTC,1DH2xDH7TngrDU6LXciprKCBKNcPA1xX8A
BTC,1DJoEMvp95yJYWyxAZy8DDBzuvjnrTVrsN
BTC,1DJoVLgn1foJHHngduRPJvRbwpaFEKxvxd
BTC,1DKGRGJXGNLAtTeFb9SNPNHtrkZ87q7qKi
BTC,1DT3tenf14cxz9WFNxmYrXFbB6TFiVWA9U
BTC,1DYFJ6CuBvrxyoQSuBzVsNcetY9tvdsrag
BTC,1DbShx4r8i2XesthoDBf5EkYWz5dsKEusV
BTC,1DbvK8P6imBuLcwh2Vruis4xsUb8YAwJQF
BTC,1Df883c96LVauVsx9FEgnsourD8DELwCUQ
BTC,1Dpddb1TMjvmNQeYDqgyd1ww6cmwPJRdSk
BTC,1DtGgdCi9VPKz2Bpq8GQhUQEPnQ5HwaT9n
BTC,1E9uUnLbyfToazo95vmM3ysYnzgkrL7GeC
BTC,1ECeZBxCVJ8Wm2JSN3Cyc6rge2gnvD3W5K
BTC,1EYitrwBYNWuTBcjZFbEUdqHppe2raLpaF
BTC,1Edue8XZCWNoDBNZgnQkCCivDyr9GEo4x6
BTC,1EfMVkxQQuZfBdocpJu6RUsCJvenQWbQyE
BTC,1EpMiZkQVekM5ij12nMiEwttFPcDK9XhX6
BTC,1EtMuBPQnPCa3cecerdSH1SzydxnhbTmw
BTC,1EuUMPBCZtSd5pVVFEqmRqUSfU1qy6ASuL
BTC,1EvhBad5wCZYhBoAsGaciV6AvmZ1osLpeJ
BTC,1F2Gdug9ib9NQMhKMGGJczzMk5SuENoqrp
BTC,1F317n2eJEMaEMGiwCqtd5XCU3wF7jzPEW
BTC,1F7UL41qYm6TvnExZzPHBCyeENvX3XDEMS
BTC,1FCNgfZWpYMeYhy9t18AAkTBu8AsdoAc1Z
BTC,1FE2cuvkq8n5VGwj5hi8YYQxskwJpovPyV
BTC,1FFS6pX1TCKTNy668Mbk2Lyoem1qB48kYX
BTC,1FRyL9gmFGbzfYDAB4iY9836DJe3KSnjP9
BTC,1FjubFHV4mpYjBmvjsEhZssyiiA4TNmnm2
BTC,1Fz29BQp82pE3vXXcsZoMNQ3KSHfMzfMe3
BTC,1G64TFMFVJTjhJXra6x74BBhsfSyiWaFtT
BTC,1G6DuwDKNHiUWqks2Lgu44cesu7ffFbLK7
BTC,1G9A8WRjGXdnYY4TNEVRrcaHsMtana4ncF
BTC,1G9CKRHA3mx22DoT1QyNYrh85VSQ19Y1em
BTC,1GYuu9d5HPikafbys3k5Q3DRJq6debGsoB
BTC,1GcKLUUXodTQcLcPD7VLMgvCc4hs5Q775
BTC,1Ge8JodC2HiBiEuT7D3MoH6Fak6XrcT9Kf
BTC,1GkLN7DbA9mAtHNzQWNPANcdWbefaz4Gzm
BTC,1GnFTy5F9qi5MfaRZfgdg2jkyT5xtAHvd8
BTC,1GqChmWqGtsaLrGbHfgdrV5Nkvahtjjuxr
BTC,1H8sDTTgJPBKw83EBZDLhXvetCbxZUMMZM
BTC,1H939dom7i4WDLCKyGbXUp3fs9CSTNRzgL
BTC,1HH8eiuaTMucTNyvGCUmAvmCZCtdMi8SqK
BTC,1Hhe61Bwxs8Hd2WxzWY9FQyZicBiZGeSNW
BTC,1Hn9ErTCPRP6j5UDBeuXPGuq5RtRjFJxJQ
BTC,1Hpj6qm9i7nMF3VkKfBFtjhEDpEjxHWvgv
BTC,1HuYfoEwsfHgZiRhbhJrCd5ST3iksa8KEx
BTC,1J378PbmTKn2sEw6NBrSWVfjZLBZW3DZem
BTC,1J6cgUVEZRKyJhpXJgHWX7YmzkdnHRaLhF
BTC,1J9oGoAiHeRfeMZeUnJ9W7RpV55CdKtgYE
BTC,1J9wJH2bamZVxscXAvoDH4jvtGKb7sYFDm
BTC,1JPfVv5cWRLx1js9NWxg46dG2CGbeRz4th
BTC,1JREJdZupiFhE7ZzQPtASuMCvvpXC7wRsC
BTC,1Js6goCey2NaqPQptiLANLQGuk4d6mowjP
BTC,1Juv2Ks3jJFUes8jEGxwgt6T6csBRQmmRw
BTC,1K2fmE9hfhbRNSZoBvCBWZAvsS5idTUxBG
BTC,1KSAbh5trMCTZwhiNsuUQvfTtSSTT8zqRk
BTC,1KUUJPkyDhamZXgpsyXqNGc3x1QPXtdhgz
BTC,1Kc6egXevyLEaeTxLFA1Zyw7GuhCN8jQtt
BTC,1KctQENEX5QkQMpnMC3Zh9yRAzkMBLpPcr
BTC,1KgudqxMfYaGzqAA7MS4DcsqejtMteqhix
BTC,1KkaKujnqwJf7Cbm7JKAZGF3X9d4685m8n
BTC,1Kuf2Rd8mDyAViwBozGTNYnvWL8uYFrkVo
BTC,1Kys8fqDen8NGFUJ6AFcXfFW5qquuTH4eh
BTC,1L4ncif9hh9TnUveqWq77HfWWt6CJWtrnb
BTC,1LAh7PQwpd1uGiLHae5C5Xz9QXse3y2phq
BTC,1LBQd4ZxtQYYsDWrCzK4uMxHBJVxmyzs3M
BTC,1LKE3XA9bf5JFqtGtCHzWj5QGxKGwMfXZw
BTC,1LQV6yUBcfTjAWvFu3XPhdTgjqihss7i1z
BTC,1LiNmTUPSJEd92ZgVJjAV3RT9BzUjvUCkx
BTC,1Licqjca74n8pmNaoARXLLqcTUTHFpxbXH
BTC,1LpYKb3SXZPve9hsH2QEJZFX279wJVGowi
BTC,1LrxsRd7zNuxPJcL5rttnoeJFy1y4AffYY
BTC,1LuDiMd95Df4i2bcvrfw47t2GKpLLXAQMZ
BTC,1MQBDeRWsiJBf7K1VGjJ7PWEL6GJXMfmLg
BTC,1MbtT2ZsTtLp7EKZUV9r74cTyqvsMtTP2M
BTC,1MiQRekg4BatJ12qbiSGnNakLLd8xbLMCG
BTC,1MkCnCa9agS5t6V1B15bzusBgYECB4LfWp
BTC,1MnbhWe5wr7Ut45ReyQsm96PwnM9jD7KaH
BTC,1MtsQsw6n2jvJCWhpCw7jifTfD9Q3rBBVg
BTC,1N6XqSf3ULpNjko9LrJmHudRoLitjwkETN
BTC,1NE2NiGhhbkFPSEyNWwj7hKGhGDedBtSrQ
BTC,1NayLEVF3bEEbDtdF2Cwso1VdEtvVNh2qX
BTC,1NbGwQwt4uEhg2srAKppLf8QaF6fbp3PZG
BTC,1NpHuti9NSM9fVTXLkvSDU4AnhqGQ5N53d
BTC,1NuBZQXJPyYQGfoBib8wWBDpZmbtkJa5Ba
BTC,1NvJm3jfZxENNyqws5BKQvhkLxg9chLJdo
BTC,1P3ZfGFLezzYGg9k5SVzQmnjyh7nrUmF2y
BTC,1PJp8diNa89cVHpiT1VPu7EQ8LxYM5HX6v
BTC,1PWRKxkR5AU7Tc9zPqjdhtu1eGW1QZzs4y
BTC,1PXxwPVtYxZiCRp9LKq7aKMDFrhAQztvUE
BTC,1PYtgFS2t6i57WdDvbRa7kPcsagGMBxzfg
BTC,1PfwHNxUnkpfkK9MKjMqzR3Xq3KCtq9u17
BTC,1PhqQpaGCrqSxQ6QDXcv14QCd1U98Zp34E
BTC,1Pu1nAW7kCoSMThMs8QcpM8JxuByQDZgH
BTC,1Q4tJjH2aBr3AJrzxqa4Z3jPpf5SDgF4jK
BTC,1Q6saNmqKkyFB9mFR68Ck8F7Dp7dTopF2W
BTC,1Q9UAQbcDezmyouFrzt94t4dSMxgsUfW1X
BTC,1QHxyuLGRMHfbNPJikV4Dwhfx45HWfUMWB
BTC,1QJUiNsNfji6mR1FjAwf6Eg9NxxHPoxpWL
BTC,1Sf6e4xQv8muMZqYPTdRFf3e5o5eWcg9F
BTC,1r6S9vpUZPS5rb6gSdwV2bvSFcN3uSq4q
BTC,31nadacWrgPeAQxKRMabhn3fPhnhi3hjKa
BTC,31p6woV4e55HUfC2aGynFhzQnGoJFW26cD
BTC,31t4nEpcwyQJT1VuXdAoQZTT5givRDPsNP
BTC,32DaxSzUhLBHY2WGSWQYiBSHnRsfQZrrRp
BTC,32PsiT8itBrEF84ebdaF82yBUEcz5Wc6uY
BTC,32VgTk8kGvBsqkHhkvtNooGdtqZm46jTVo
BTC,32fbAZMTaQxNd2fAue1PgsiPgWfcsHBQQt
BTC,32jgFkZsTEjMFaBvxJnYvJEeTNKTmq5b32
BTC,32pCmCWEjwhkLwh5BgLNAeBQFp5Gi1hv81
BTC,32wdqwX3zCEX3DhAVEcKwXCEGdzgBnx1R9
BTC,331TS6DyASY7iU5CRA8UryBnkPS78fP2B1
BTC,33KKjn4exdBJQkTtdWxqpdVsWxrw3LareG
BTC,33Kja69SQVc8kozpoP7Qw6HFtGxHkiWzTz
BTC,33fWcMdmsB2Ey4CEbVWbjGFkuevBSyP9nG
BTC,33xWfziVZesgo83U5izdNCBVTnrtBpSwK7
BTC,343w3Xh64q5UpgpvAPqmsUzxrknde8PQHb
BTC,347QFbejDBdMZFTxpmn6evvvqyXiqZTCd7
BTC,34ETiHfQWEYFCCaXmEeQWVmhFH5vz2JMvd
BTC,34WWXwFKAsXL9zYxbeNPaPV6vDamkjQLUo
BTC,34dxZvijpBM1YkPybczbQ7DuGuKAnULdfS
BTC,34kEYgpijvCmjvahRXXQEnBH76UGJVx2wg
BTC,34kWCKF2wCbe6uinit2uL4ND6d8yxsuxKM
BTC,34pFGsSYbWEritXncW9unZtQQE9dKSvKku
BTC,35KAdTa2vqnJzitF2xiUzZn1Gmcas2Y465
BTC,35LScRJ8hzDvvWh9t9UA8bHGnGNVz3YEfa
BTC,35QpLWYkvD3ALhjbge5bK2kd7HfHYcDMu3
BTC,35SwVFxosV3AsvnrBfzdXarqavRbvDyyxv
BTC,35aTjkBh4yeTypJsi9nuTdoMKHTsawKVgX
BTC,35eanEz5iYg2eYaxCtMrR4SCoypFqrBWUH
BTC,35hh9dg3wSvUJz9vFk1FsezLE5Fx3Hudk2
BTC,35qwVtMEohWDdBWRiCSR7azoP5cbY8SG1Q
BTC,35vypiSvQsxRiT3YZzGRGVaduUSx67ysZb
BTC,361AkMKNNWYwZRsCE8pPNmoh5aQf4V7g4p
BTC,361NP7YcBPQ4KkLT3Y2QZeDEV4M3yi65Ar
BTC,36XqYWGvUQwBrYLRVuegN4pJJJSPWL1WEu
BTC,36YGN5dGzqrxMomTHdkT6cYVMnWBw8S7hD
BTC,36yS87PLuW7sErLg1TY26WzaVarTim7AcC
BTC,372Wk9NLrMkJzKgqJdatWJy4bYRfxFjgat
BTC,37dDBCexFPraKW4jGSqkE3NyG52YeZQbJx
BTC,37g6WgqedzZx6nx51tYgssNG8Hnknyj5nL
BTC,386wa1UM6nA798AWNh64jdrejZyedeXgUN
BTC,389Sft4nJFkPGhbagk9FN4jXncA9piYTuU
BTC,38LjCapRrJEW7w2zwbyS15P9D9UGPjWS44
BTC,38ncxqt932N9CcfNfYuHGZgCyR85hDkWBW
BTC,39AALn7eTjdPzLb99hHhD6F7J8QWB3R2Rd
BTC,39KQvziHwUe2vddbpfC5WkQEV72qbQhxuh
BTC,39NG2LcGRHXxSr1irpEVnJMw4ydL231sEn
BTC,39Te8MbphSgs7npDJPj2hbNzhke61NTcnB
BTC,39eboeqYNFe2VoLC3mUGx4dh6GNhLB3D2q
BTC,39fhoB2DohisGBbHvvfmkdPdShT75CNHdX
BTC,3A1HH3PseYMkh2nSrBb4kkVt3815kUNVVC
BTC,3AFcE2mbSSndcpYFgHoExSmjUc26ef2gQh
BTC,3ANWhUnHujdwbw2jEuGSRH6bvFsD9BqEy9
BTC,3AQSmMk5n3c6TKEg9B2WyzYAPm33gJJAA4
BTC,3AYU365Tcjef7j9pdKF9Xe8rWpEpsH196t
BTC,3AjiWiUdKB5mcGUSS9mBeoHCeYJw3Zo8r6
BTC,3AjyprBY5yhijiCjUC5NUJutGbwhd3AQdE
BTC,3B3vmabBbeDRnVrjvvq3hm85zVB4v5bWFC
BTC,3B4G1M8eF3cThbeMwhEWkKzczw9QoNTGak
BTC,3BCN3WgMRJwULTz1vsEQ7NZrBjwaUBf5Ca
BTC,3BQACtiMXYB9JpUMpkEWt9m8BzswpGHq4X
BTC,3BWP6ZQAhc4j5wR1b95zJAthJEFvhdees7
BTC,3BazbaTP8ELJUEfPBV9z5HXEdgBziV9p7W
BTC,3BsyZ7qRFSi3NsaoV1Ff724qAgrEpjVUHm
BTC,3CCmt5LjQ5yKkaFY1DWC2SbERVEtWRnSRD
BTC,3Czhm6xqn8odwz6jgTcjRrUjog28v6aVS8
BTC,3DCCgmyKozcZkFBzYb1A2x8abZCpAUTPPk
BTC,3DLGfN7hgsWXXSp9euXcnmWXLpFQuswW2t
BTC,3DNsaQnaUz7wkQny1ZDSmtz6QfbEShxoDD
BTC,3E6ZCKRrsdPc35chA9Eftp1h3DLW18NFNV
BTC,3E6rY4dSCDW6y2bzJNwrjvTtdmMQjB6yeh
BTC,3E7YbpXuhh3CWFks1jmvWoV8y5DvsfzE6n
BTC,3EL5vcYeu1cnivLtR7tnAX3bBirr9ATNAL
BTC,3EPqGUw2q89pwPZ1UF8FJspE2AyojSTjdu
BTC,3ES6pqCueDPCnC4hCqhhYuey6gyiRJZw6E
BTC,3EUjqe9UpmyXCFd6jeu69hoTzndMRfxw9M
BTC,3EeR8FbcPbkcGj77D6ttneJxmsr3Nu7KGV
BTC,3F2sZ4jbhvDKQdGbHYPC6ZxFXEau2m5Lqj
BTC,3F6bbvS1krsc1qR8FsbTDfYQyvkMm3QvmR
BTC,3FBgeJdhiBe22UoSpp51Vd8dPHVa2A4wZX
BTC,3GAUBtrTtWp1D9yeXgr3wMg8B599QHa5m5
BTC,3GMfGEDYMTq9G8dEHet1zLtUFJwYwSNa3Y
BTC,3GSXNXzyCDoQ1Rhsc7F1jjjFe7DGcHHdcM
BTC,3GXdtA6kbb4M5aqzZm5qqxcFDFRMW8LqdJ
BTC,3GYbbYkvqvjF5oYhaKCgQYCvcVE1JENk6J
BTC,3Gbs4rjcVUtQd8p3CiFUCxPLZwRqurezRZ
BTC,3GuQjr7kkrR5EjpanMgyAuxuLgrjEUwe21
BTC,3H3rh85qPaGLy2w6618yZNaH7i8asHv46B
BTC,3H4qaWi5DS6FMwyZrG9xRRud3Qc5dUVn2U
BTC,3HJN4jRa4mdfkey9JR9jUhr86yPwL86A3C
BTC,3HQDRyzwm82MFmLWtmyikDM9JQEtVT6vAp
BTC,3HQRveQzPifZorZLDXHernc5zjoZax8U9f
BTC,3HRExd8GKFskZC5inmVcpiyy9UWG7FVa6o
BTC,3HSZc4BLnQBznjSq7JvXgqNCZUUs3M9fZz
BTC,3HWjh69cVQvcPeLWVCyVmXEq72nyDSj5zP
BTC,3He6EyDaCUgmdr4GXqhxbeTQukaGLCByU2
BTC,3HqA7i3ttECLvgqvq69HNxxUP5BL7Z5YgA
BTC,3HupEUfKmMhvhXqf8TMoPAyqDcRC1kpe65
BTC,3J19qffPT6mxQUcV6k5yVURGZtdhpdGr4y
BTC,3JHMz3mTna1gVCZSPp8NgRFiY7phkv5mA8
BTC,3JLyyLbwciWAC6re87D7mRknXakR4YbnUd
BTC,3JUwAS7seL3fh5hxWh9fu3HCiEzjuQLTfg
BTC,3JXKQ81JzBqVbB8VHdV9Jtd7auWokkdPgY
BTC,3JhPsVV3KnL9dBYGSZALS9EbrLr97R865a
BTC,3Jpf9B5P8cvEKSSGp9cES3Upbms8VRnXUb
BTC,3JuSgFrwnrNfuhvR4GpWAPmeJVot4xrEae
BTC,3K26aMKmnrv97Pj6YiFcqiXk2LxeHfhnG3
BTC,3K35dyL85fR9ht7UgzPfd1gLRRXQtNTqE3
BTC,3K4rjdh8A5yi6LWvft2rbmyZvqEbPSSSX4
BTC,3K7PMJyMNVnxqsfpmK9r9nJDtzDw9wNwNV
BTC,3KGQ3hX6eFYtBjTBFSdvdkzHmwZyYWLRQh
BTC,3KHfXU24Bt3YD5Ef4J7uNp2buCuhrxfGen
BTC,3Kp8Qc5z7yevDeoQxhS5RSSKnEi5x7AQ43
BTC,3KvBX3jo69Qn8jHy44M33RYoeYcf8DdRBD
BTC,3LDbNuDkKmLae5r3a5icPA5CQg2Y8F7ogW
BTC,3LLUnf3ezw6mCbQ2zCZmGu5rZULzkhxQi7
BTC,3LbDu1rUXHNyiz4i8eb3KwkSSBMf7C583D
BTC,3LhnVMcBq4gsR7aDaRr9XmUo17CuYBV4FN
BTC,3Lpoy53K625zVeE47ZasiG5jGkAxJ27kh1
BTC,3LtcaPbCj87CwJHnRX3vh7c2y9RZQqeSy8
BTC,3M7CGBPUJwXXSroWuZ6H5jiprdKCyf7V5M
BTC,3MD3riFB6U8PykypF6qkvSj8R2SGdUDPn3
BTC,3MN8nYo1tt5hLxMwMbxDkXWd7Xu522hb9P
BTC,3MP7yBGSW2gkXVRE8S84T2j4KVgPh3rEzv
BTC,3MTRvM5QrYZHKo8gh5qKcrPK3RLjxcDCZE
BTC,3MTrJTFhYK9v1C6pjHtuweZSopfZa4b1wb
BTC,3MkUNScqf21EcfWq6T4x2MFgBeSTqhB5t6
BTC,3MvQ4gThF4mmuo49p4dBNchcmFHBRZnYfx
BTC,3MzLtBQ4Lz9J6w4Qu55TktgxFKZwxYWrP6
BTC,3N3YSDvp4cbhEgNGabQxTN39kEzJmwG8Ah
BTC,3N6WeZ6i34taX8Ditser6LKWBcXmt2XXL4
BTC,3N9YcPBDky9UsMx1RTk33tL4jDkZfSnsPk
BTC,3NDzzVxiLBUs1WPvVGRfCYDTAD2Ua2PvW4
BTC,3NPognMSbzyA2JYW2fpkVKWyBMi2XTq2Zt
BTC,3NQ1aa9ceirMJ1JvRq3eXefvXj1L639fzX
BTC,3NRJ8aXdUiZdHaiFX9ePX3DhGHzcEi14Fq
BTC,3P6PzdfETr4275Gn3veLkCyDxA1jV8fHKm
BTC,3PDmRwotTkRAFRLGTUrucCERp2JdM1q4ar
BTC,3PKiHs4GY4rFg8dpppNVPXGPqMX6K2cBML
BTC,3PUmTuVAW3LkKg53FZ7F97VDBitW4ugwnM
BTC,3PiCnZrBvGfWAKQ9hr4cCpfaDjy64yNSpE
BTC,3PyzSbFj3hbQQjTzDzyLSgvFVDjB7yw4Cj
BTC,3Q5dGfLKkWqWSwYtbMUyc8xGjN5LrRviK4
BTC,3QAdoc1rDCt8dii1GVPJXvvK6CEJLzCRZw
BTC,3QEjBiPzw6WZUL4MYMmMU6DY1Y25aVbpQu
BTC,3QJyT8nThEQakbfqgX86YjCK1Sp9hfNCUW
BTC,3QVyoH4u3qT88uChAeJVhfB3r6maZt431y
BTC,3QWUdP5taP4GrRuueVDud1eWetb7hc3wDH
BTC,3QnWE5GVfQu3wVav91RuFkqip4Ti4NWqAY
BTC,3QrukkUiBrn23rFUKUgasNd1wYWNk7WdSV
BTC,3Qw9Fn19gCnga9LfHfpM99aGzuqxBNjR2i
BTC,TVacWx7F5wgMgn49L5frDf9KLgdYy8nPHL
BTC,TX5GV4DyfxNB3rPkzZJhmqZ1efVmL4rEqG
BTC,bc1q202ajnhxgg9d9jjczmg0g4usp6haqldyy2eakl
BTC,bc1q237mvl0heyw0r38wd3xz8h5mar96rrwpams8pp
BTC,bc1q2lpgjntr348pfvxhfy33ehmdzy3gmx8w4052z6
BTC,bc1q3y5v2khlyvemcz042wl98dzflywr8ghglqws6s
BTC,bc1q4rzdtlt0uslyw86cp29sctl6ct29g9a95cuup7pn5md9ddj7xgmqpp5m73
BTC,bc1q86tl9255vg5wldamfymaaz36uqxzm30gs7fhkljvzdlt9t38s3lqgdwdfq
BTC,bc1q90zrdysy4flyacw7hsury3ajs9yzwtwp6guqpypx94w0d3p58hysvz6pde
BTC,bc1q9lvynkfpaw330uhqmunzdz6gmafsvapv7y3zty
BTC,bc1qdt3gml5z5n50y5hm04u2yjdphefkm0fl2zdj68
BTC,bc1qe95l438kzjcvnsm3kn8n5augf9gpctdlhsq7f7hpnkyvlr7rc7cqupapf7
BTC,bc1qfg4gfg0y6t6xjnpmlhuwx5k0wlw6nmfzxn2psc
BTC,bc1qj6j6p0jdefl6pvdzx3kx8245yy5mz6q4luhzes
BTC,bc1ql7dlyh8xz6tpqk92vztrhqh88dmjvcwrmsemrm
BTC,bc1qpaly5nm7pfka9v92d6qvl4fc2l9xzee8a6ys3s
BTC,bc1qqf8kcc9m57xjqcvsvuf989nnl48ve6d2s24cx3
BTC,bc1qs9u6j78e3utj08mwvqkkmqm9de5xk3g4yh8qtq
BTC,bc1qsmqpalp3gtgkltag4x3ygevmhh9y2hzk73t2ug
BTC,bc1qsmv6lkrw65l30yazdqpdjjtwzpvk9f8gfh0cy7
BTC,bc1qsxf77cvwcd6jv6j8d8j3uhh4g0xqw4meswmwuc
BTC,bc1quyc6j8ca84q9gjej5jjd2n8hra0vfu0j60fefs57p6e5rerkq07q0l5u3w
BTC,bc1qv7k70u2zynvem59u88ctdlaw7hc735d8xep9rq
BTC,bc1qvlzfn6kmezv44d8kw0p5jsmxe6wchv3zc7gsxs
BTC,bc1qw4cxpe6sxa5dg6sdwxjph959cw6yztrzl4r54s
BTC,bc1qw7vfgv3r5vnehafl0y95sclg3uqsj87wxs9ad628yjjcq33cwessr6ndyw
BTC,bc1qwa6zu6qhl6wqnlxp642vcf89nptsassle25ulf
BTC,bc1qx3e2axj3wsfn0ndtvlwmkghmmgm4583nqg8ngk
DASH,XnPFsRWTaSgiVauosEwQ6dEitGYXgwznz2
DASH,Xs3vzQmNvAxRa3Xo8XzQqUb3BMgb9EogF4
DASH,XyARKoupuArYtToA2S6yMdnoquDCDaBsaT
ETH,0x01e2919679362dFBC9ee1644Ba9C6da6D6245BB1
ETH,0x03893a7c7463AE47D46bc7f091665f1893656003
ETH,0x04DBA1194ee10112fE6C3207C0687DEf0e78baCf
ETH,0x05E0b5B40B7b66098C2161A5EE11C5740A3A7C45
ETH,0x07687e702b410Fa43f4cB4Af7FA097918ffD2730
ETH,0x0836222F2B2B24A3F36f98668Ed8F0B38D1a872f
ETH,0x08723392Ed15743cc38513C4925f5e6be5c17243
ETH,0x08b2eFdcdB8822EfE5ad0Eae55517cf5DC544251
ETH,0x09193888b3f38C82dEdfda55259A82C0E7De875E
ETH,0x098B716B8Aaf21512996dC57EB0615e2383E2f96
ETH,0x0E3A09dDA6B20aFbB34aC7cD4A6881493f3E7bf7
ETH,0x0Ee5067b06776A89CcC7dC8Ee369984AD7Db5e06
ETH,0x12D66f87A04A9E220743712cE6d9bB1B5616B8Fc
ETH,0x1356c899D8C9467C7f71C195612F8A395aBf2f0a
ETH,0x169AD27A470D064DEDE56a2D3ff727986b15D52B
ETH,0x178169B423a011fff22B9e3F3abeA13414dDD0F1
ETH,0x179f48c78f57a3a78f0608cc9197b8972921d1d2
ETH,0x1967d8af5bd86a497fb3dd7899a020e47560daaf
ETH,0x19aa5fe80d33a56d56c78e82ea5e50e5d80b4dff
ETH,0x1E34A77868E19A6647b1f2F47B51ed72dEDE95DD
ETH,0x1da5821544e25c636c1417ba96ade4cf6d2f9b5a
ETH,0x22aaA7720ddd5388A3c0A3333430953C68f1849b
ETH,0x23173fE8b96A4Ad8d2E17fB83EA5dcccdCa1Ae52
ETH,0x23773E65ed146A459791799d01336DB287f25334
ETH,0x242654336ca2205714071898f67E254EB49ACdCe
ETH,0x2573BAc39EBe2901B4389CD468F2872cF7767FAF
ETH,0x26903a5a198D571422b2b4EA08b56a37cbD68c89
ETH,0x2717c5e28cf931547B621a5dddb772Ab6A35B701
ETH,0x2FC93484614a34f26F7970CBB94615bA109BB4bf
ETH,0x2f389ce8bd8ff92de3402ffce4691d17fc4f6535
ETH,0x2f50508a8a3d323b91336fa3ea6ae50e55f32185
ETH,0x308ed4b7b49797e1a98d3818bff6fe5385410370
ETH,0x330bdFADE01eE9bF63C209Ee33102DD334618e0a
ETH,0x35fB6f6DB4fb05e6A4cE86f2C93691425626d4b1
ETH,0x38735f03b30FbC022DdD06ABED01F0Ca823C6a94
ETH,0x39D908dac893CBCB53Cc86e0ECc369aA4DeF1A29
ETH,0x3AD9dB589d201A710Ed237c829c7860Ba86510Fc
ETH,0x3Cffd56B47B7b41c56258D9C7731ABaDc360E073
ETH,0x3aac1cC67c2ec5Db4eA850957b967Ba153aD6279
ETH,0x3cbded43efdaf0fc77b9c55f6fc9988fcc9b757d
ETH,0x3e37627dEAA754090fBFbb8bd226c1CE66D255e9
ETH,0x3efa30704d2b8bbac821307230376556cf8cc39e
ETH,0x407CcEeaA7c95d2FE2250Bf9F2c105aA7AAFB512
ETH,0x4736dCf1b7A3d580672CcE6E7c65cd5cc9cFBa9D
ETH,0x47CE0C6eD5B0Ce3d3A51fdb1C52DC66a7c3c2936
ETH,0x48549a34ae37b12f6a30566245176994e17c6b4a
ETH,0x4f47bc496083c727c5fbe3ce9cdf2b0f6496270c
ETH,0x502371699497d08D5339c870851898D6D72521Dd
ETH,0x527653eA119F3E6a1F5BD18fbF4714081D7B31ce
ETH,0x538Ab61E8A9fc1b2f93b3dd9011d662d89bE6FE6
ETH,0x53b6936513e738f44FB50d2b9476730C0Ab3Bfc1
ETH,0x5512d943ed1f7c8a43f3435c85f7ab68b30121b0
ETH,0x57b2B8c82F065de8Ef5573f9730fC1449B403C9f
ETH,0x58E8dCC13BE9780fC42E8723D8EaD4CF46943dF2
ETH,0x5A14E72060c11313E38738009254a90968F58f51
ETH,0x5cab7692D4E94096462119ab7bF57319726Eed2A
ETH,0x5efda50f22d34F262c29268506C5Fa42cB56A1Ce
ETH,0x5f6c97C6AD7bdd0AE7E0Dd4ca33A4ED3fDabD4D7
ETH,0x610B717796ad172B316836AC95a2ffad065CeaB4
ETH,0x653477c392c16b0765603074f157314Cc4f40c32
ETH,0x67d40EE1A85bf4a4Bb7Ffae16De985e8427B6b45
ETH,0x6Bf694a291DF3FeC1f7e69701E3ab6c592435Ae7
ETH,0x6acdfba02d390b97ac2b2d42a63e85293bcc160e
ETH,0x6f1ca141a28907f78ebaa64fb83a9088b02a8352
ETH,0x722122dF12D4e14e13Ac3b6895a86e84145b6967
ETH,0x723B78e67497E85279CB204544566F4dC5d2acA0
ETH,0x72a5843cc08275C8171E582972Aa4fDa8C397B2A
ETH,0x743494b60097A2230018079c02fe21a7B687EAA5
ETH,0x746aebc06d2ae31b71ac51429a19d54e797878e9
ETH,0x756C4628E57F7e7f8a459EC2752968360Cf4D1AA
ETH,0x76D85B4C0Fc497EeCc38902397aC608000A06607
ETH,0x776198CCF446DFa168347089d7338879273172cF
ETH,0x77777feddddffc19ff86db637967013e6c6a116c
ETH,0x7Db418b5D567A4e0E8c59Ad71BE1FcE48f3E6107
ETH,0x7F19720A857F834887FC9A7bC0a0fBe7Fc7f8102
ETH,0x7F367cC41522cE07553e823bf3be79A889DEbe1B
ETH,0x7FF9cFad3877F21d41Da833E2F775dB0569eE3D9
ETH,0x8281Aa6795aDE17C8973e1aedcA380258Bc124F9
ETH,0x833481186f16Cece3f1Eeea1a694c42034c3a0dB
ETH,0x83E5bC4Ffa856BB84Bb88581f5Dd62A433A25e0D
ETH,0x84443CFd09A48AF6eF360C6976C5392aC5023a1F
ETH,0x8576acc5c05d6ce88f4e49bf65bdf0c62f91353c
ETH,0x8589427373D6D84E98730D7795D8f6f8731FDA16
ETH,0x88fd245fEdeC4A936e700f9173454D1931B4C307
ETH,0x901bb9583b24d97e995513c6778dc6888ab6870e
ETH,0x910Cbd523D972eb0a6f4cAe4618aD62622b39DbF
ETH,0x94A1B5CdB22c43faab4AbEb5c74999895464Ddaf
ETH,0x94Be88213a387E992Dd87DE56950a9aef34b9448
ETH,0x94C92F096437ab9958fC0A37F09348f30389Ae79
ETH,0x97b1043abd9e6fc31681635166d430a458d14f9c
ETH,0x9AD122c22B14202B4490eDAf288FDb3C7cb3ff5E
ETH,0x9f4cda013e354b8fc285bf4b9a60460cee7f7ea9
ETH,0xA160cdAB225685dA1d56aa342Ad8841c3b53f291
ETH,0xA60C772958a3eD56c1F15dD055bA37AC8e523a0D
ETH,0xB20c66C4DE72433F3cE747b58B86830c459CA911
ETH,0xBA214C1c1928a32Bffe790263E38B4Af9bFCD659
ETH,0xCC84179FFD19A1627E79F8648d09e095252Bc418
ETH,0xCEe71753C9820f063b38FDbE4cFDAf1d3D928A80
ETH,0xD21be7248e0197Ee08E0c20D4a96DEBdaC3D20Af
ETH,0xD4B88Df4D29F5CedD6857912842cff3b20C8Cfa3
ETH,0xD5d6f8D9e784d0e26222ad3834500801a68D027D
ETH,0xD691F27f38B395864Ea86CfC7253969B409c362d
ETH,0xD692Fd2D0b2Fbd2e52CFa5B5b9424bC981C30696
ETH,0xD82ed8786D7c69DC7e052F7A542AB047971E73d2
ETH,0xDD4c48C0B24039969fC16D1cdF626eaB821d3384
ETH,0xDF3A408c53E5078af6e8fb2A85088D46Ee09A61b
ETH,0xEFE301d259F525cA1ba74A7977b80D5b060B3ccA
ETH,0xF60dD140cFf0706bAE9Cd734Ac3ae76AD9eBC32A
ETH,0xF67721A2D8F736E75a49FdD7FAd2e31D8676542a
ETH,0xF7B31119c2682c88d88D455dBb9d5932c65Cf1bE
ETH,0xFD8610d20aA15b7B2E3Be39B396a1bC3516c7144
ETH,0xa0e1c89Ef1a489c9C7dE96311eD5Ce5D32c20E4B
ETH,0xa5C2254e4253490C54cef0a4347fddb8f75A4998
ETH,0xa7e5d5a720f06526557c513402f2e6b5fa20b008
ETH,0xaEaaC358560e11f52454D997AAFF2c5731B6f8a6
ETH,0xaf4c0B70B2Ea9FB7487C7CbB37aDa259579fe040
ETH,0xaf8d1839c3c67cf571aa74B5c12398d4901147B3
ETH,0xb04E030140b30C27bcdfaafFFA98C57d80eDa7B4
ETH,0xb1C8094B234DcE6e03f10a5b673c1d8C69739A00
ETH,0xb541fc07bC7619fD4062A54d96268525cBC6FfEF
ETH,0xb6f5ec1a0a9cd1526536d3f0426c429529471f40
ETH,0xbB93e510BbCD0B7beb5A853875f9eC60275CF498
ETH,0xc2a3829F459B3Edd87791c74cD45402BA0a20Be3
ETH,0xc455f7fd3e0e12afd51fba5c106909934d8a0e4a
ETH,0xca0840578f57fe71599d29375e16783424023357
ETH,0xd0975b32cea532eadddfc9c60481976e39db3472
ETH,0xd47438C816c9E7f2E2888E060936a499Af9582b3
ETH,0xd882cfc20f52f2599d84b8e8d58c7fb62cfe344b
ETH,0xd8D7DE3349ccaA0Fde6298fe6D7b7d0d34586193
ETH,0xd90e2f925DA726b50C4Ed8D0Fb90Ad053324F31b
ETH,0xd96f2B1c14Db8458374d9Aca76E26c3D18364307
ETH,0xdf231d99Ff8b6c6CBF4E9B9a945CBAcEF9339178
ETH,0xe7aa314c77f4233c18c6cc84384a9247c0cf367b
ETH,0xeDC5d01286f99A066559F60a585406f3878a033e
ETH,0xf4B067dD14e95Bab89Be928c07Cb22E3c94E0DAA
ETH,0xfec8a60023265364d066a1212fde3930f6ae8da7
ETH,0xffbac21a641dcfe4552920138d90f3638b3c9fba
LTC,LNwgtMxcKUQ51dw7bQL1yPQjBVZh6QEqsd
LTC,LQAhYwwK5AR1JQiQPr7vu8Pu4b6qcxxvNB
LTC,LWnbjLYUfqeokfbWM4FcU7uk2FP2DSxuWS
LTC,LaYUy1DGfVSuSF5KbPhbLrm8kRotqiwUJn
LTC,LaizKtS5DUhPuP1nTQcc83MS7HwK6vk85z
LTC,LeKvNdNEzgQkzVVnRdV3fAu2DSF1nLsNw6
LTC,Leo3j36nn1JcsUQruytQhFUdCdCH5YHMR3
LTC,LgwmgYnraU2uBWHVFUDgAmFCPYj5Yw8C9L
XRP,rnXyVQzgxZe7TR1EPzTkGj2jxH4LMJYh66
